United States,Illinois,Cambridgeee,"Washington,_D.C."
United States,Maryland,Cambridgee,"Washington,_D.C."
United States,Massachusetts,Cambriddgee,"Washington,_D.C."
United States,Minnesota,Cambridge,"Washington,_D.C."
United States,Nebraska,CCambridgee,"Washington,_D.C."
United States,New York,Cambridgeee,"Washington,_D.C."
United States,Ohio,Cambridgee,"Washington,_D.C."
United States,Wisconsin,Cambridgeee,"Washington,_D.C."
United States,Alabama,Camdden,"Washington,_D.C."
United States,Arkansas,Camdennnn,"Washington,_D.C."
United States,Delaware,CCamdden,"Washington,_D.C."
United States,Maine,Camdennnn,"Washington,_D.C."
United States,New Jersey,Caamdden,"Washington,_D.C."
United States,New York,Camdennn,"Washington,_D.C."
United States,North Carolina,Cammdenn,"Washington,_D.C."
United States,Ohio,Camdeen,"Washington,_D.C."
United States,South Carolina,Caamden,"Washington,_D.C."
United States,Tennessee,Camdennn,"Washington,_D.C."
United States,Mississippi,Commoo,"Washington,_D.C."
United States,Wisconsin,Comooo,"Washington,_D.C."
United States,California,Dublinn,"Washington,_D.C."
United States,Georgia,DDuublin,"Washington,_D.C."
United States,New Hampshire,Dublinnn,"Washington,_D.C."
United States,Ohio,Dublinnn,"Washington,_D.C."
United States,Pennsylvania,Duublinnn,"Washington,_D.C."
United States,Texas,Dublinnnn,"Washington,_D.C."
United States,Virginia,Dubliinnn,"Washington,_D.C."
United States,Alabama,Hamiltonn,"Washington,_D.C."
United States,Georgia,HHammiltonn,"Washington,_D.C."
United States,Illinois,Hamiltonn,"Washington,_D.C."
United States,Indiana,Hamiltonnn,"Washington,_D.C."
United States,Massachusetts,Hamiltonn,"Washington,_D.C."
United States,Missouri,Hamilltonn,"Washington,_D.C."
United States,Montana,Hamiltoonn,"Washington,_D.C."
United States,New York,Hamiltonnn,"Washington,_D.C."
United States,Ohio,Hamiltonnn,"Washington,_D.C."
United States,Texas,Hamiltonn,"Washington,_D.C."
United States,Illinois,KKingston,"Washington,_D.C."
United States,Massachusetts,Kingsstonnn,"Washington,_D.C."
United States,Missouri,Kinngstoon,"Washington,_D.C."
United States,New Hampshire,Kinngsstton,"Washington,_D.C."
United States,New Jersey,Kingstonnnn,"Washington,_D.C."
United States,New York,Kingstonnn,"Washington,_D.C."
United States,Ohio,Kingstonnn,"Washington,_D.C."
United States,Oklahoma,KKingstonnn,"Washington,_D.C."
United States,Pennsylvania,Kingstonnn,"Washington,_D.C."
United States,Rhode Island,Kingstonnn,"Washington,_D.C."
United States,Tennessee,Kingstonnn,"Washington,_D.C."
United States,Washington,KKKiingston,"Washington,_D.C."
United States,Illinois,Lebanoonn,"Washington,_D.C."
United States,Indiana,Lebanonn,"Washington,_D.C."
United States,Kentucky,Lebanonnnn,"Washington,_D.C."
United States,Maine,Lebbanoonn,"Washington,_D.C."
United States,Missouri,Lebanoonn,"Washington,_D.C."
United States,New Hampshire,Lebanonnn,"Washington,_D.C."
United States,New Jersey,Lebanonnn,"Washington,_D.C."
United States,Ohio,Leebanon,"Washington,_D.C."
United States,Oregon,Lebanoonn,"Washington,_D.C."
United States,Pennsylvania,Lebanonnn,"Washington,_D.C."
United States,Tennessee,Lebbanon,"Washington,_D.C."
United States,Virginia,Lebanoonn,"Washington,_D.C."
United States,Connecticut,Lisbonnnn,"Washington,_D.C."
United States,Iowa,Lisbonnn,"Washington,_D.C."
United States,Maine,Lisbonnn,"Washington,_D.C."
United States,North Dakota,Lisbonn,"Washington,_D.C."
United States,Ohio,Lisbonn,"Washington,_D.C."
United States,Arkansas,LLonndonn,"Washington,_D.C."
United States,California,LLondon,"Washington,_D.C."
United States,Kentucky,Loonndonn,"Washington,_D.C."
United States,Ohio,Londonn,"Washington,_D.C."
United States,Connecticut,Manchestterrr,"Washington,_D.C."
United States,Georgia,Manchesterrr,"Washington,_D.C."
United States,Iowa,MManchesterrr,"Washington,_D.C."
United States,Kentucky,Manchesterr,"Washington,_D.C."
United States,Maine,Manchesterrr,"Washington,_D.C."
United States,Maryland,Manchesterrr,"Washington,_D.C."
United States,Michigan,Manchesteerr,"Washington,_D.C."
United States,Missouri,MManchesterrr,"Washington,_D.C."
United States,New Hampshire,Manchesterr,"Washington,_D.C."
United States,New York,Manchesterr,"Washington,_D.C."
United States,Ohio,Maanchesterr,"Washington,_D.C."
United States,Pennsylvania,Maanchesterr,"Washington,_D.C."
United States,Tennessee,Mancchesterrr,"Washington,_D.C."
United States,Washington,Mancchester,"Washington,_D.C."
United States,Wisconsin,Manchhester,"Washington,_D.C."
United States,Minnesota,Medinaaaa,"Washington,_D.C."
United States,New York,Meddiinaa,"Washington,_D.C."
United States,Ohio,Medinaaa,"Washington,_D.C."
United States,Tennessee,Meedina,"Washington,_D.C."
United States,Texas,Meedinaaa,"Washington,_D.C."
United States,Washington,Medina,"Washington,_D.C."
United States,Illinois,Millannn,"Washington,_D.C."
United States,Indiana,Miilannn,"Washington,_D.C."
United States,Michigan,Millannn,"Washington,_D.C."
United States,Missouri,Milannn,"Washington,_D.C."
United States,New Hampshire,MMillann,"Washington,_D.C."
United States,New Mexico,Miilaan,"Washington,_D.C."
United States,Ohio,Milannn,"Washington,_D.C."
United States,Tennessee,MMilan,"Washington,_D.C."
United States,Arkansas,MMonticellooo,"Washington,_D.C."
United States,Florida,Monnticelloo,"Washington,_D.C."
United States,Georgia,MMonticelloo,"Washington,_D.C."
United States,Illinois,Monticellloo,"Washington,_D.C."
United States,Indiana,Monnticelllo,"Washington,_D.C."
United States,Iowa,Monticellooo,"Washington,_D.C."
United States,Kentucky,Monticello,"Washington,_D.C."
United States,Louisiana,Monticelloooo,"Washington,_D.C."
United States,Minnesota,Monticellooo,"Washington,_D.C."
United States,Mississippi,Monticcelloo,"Washington,_D.C."
United States,Missouri,Monticellooo,"Washington,_D.C."
United States,New York,Monnticelloo,"Washington,_D.C."
United States,Utah,Moonticellooo,"Washington,_D.C."
United States,Wisconsin,Monticellooo,"Washington,_D.C."
United States,Florida,Napless,"Washington,_D.C."
United States,New York,Naplesss,"Washington,_D.C."
United States,Texas,NNapless,"Washington,_D.C."
United States,Utah,Naples,"Washington,_D.C."
United States,California,OOaklanddd,"Washington,_D.C."
United States,Florida,Oakklanddd,"Washington,_D.C."
United States,Iowa,Oaklandd,"Washington,_D.C."
United States,Maine,Oakklandd,"Washington,_D.C."
United States,Maryland,Oaklanddd,"Washington,_D.C."
United States,Missouri,Oaklaandd,"Washington,_D.C."
United States,Nebraska,Oaklandddd,"Washington,_D.C."
United States,New Jersey,Oaklaand,"Washington,_D.C."
United States,Oklahoma,Oaklanddd,"Washington,_D.C."
United States,Pennsylvania,Oaaaklandd,"Washington,_D.C."
United States,South Carolina,Oaklanddd,"Washington,_D.C."
United States,Tennessee,Oaklandddd,"Washington,_D.C."
United States,Alabama,Oxfordd,"Washington,_D.C."
United States,Connecticut,Oxfordd,"Washington,_D.C."
United States,Georgia,Oxforddd,"Washington,_D.C."
United States,Indiana,Oxford,"Washington,_D.C."
United States,Kansas,Oxxfoordd,"Washington,_D.C."
United States,Maine,Oxforrdd,"Washington,_D.C."
United States,Massachusetts,Oxffordd,"Washington,_D.C."
United States,Michigan,Oxfordd,"Washington,_D.C."
United States,Mississippi,Oxforrd,"Washington,_D.C."
United States,New Jersey,OOxfoordd,"Washington,_D.C."
United States,New York,Oxforddd,"Washington,_D.C."
United States,North Carolina,Oxfoorrdd,"Washington,_D.C."
United States,Ohio,OOxforrd,"Washington,_D.C."
United States,Pennsylvania,OOxforrdd,"Washington,_D.C."
United States,Arkansas,Parissss,"Washington,_D.C."
United States,Idaho,Paarriis,"Washington,_D.C."
United States,Illinois,Parrisss,"Washington,_D.C."
United States,Kentucky,Parrisss,"Washington,_D.C."
United States,Maine,Parisss,"Washington,_D.C."
United States,Missouri,Parriss,"Washington,_D.C."
United States,Tennessee,PPariss,"Washington,_D.C."
United States,Texas,PParisss,"Washington,_D.C."
United States,New Jersey,Rio Grandeee,"Washington,_D.C."
United States,California,San Franciscooo,"Washington,_D.C."
United States,California,San Joseee,"Washington,_D.C."
United States,Georgia,Spparrtaa,"Washington,_D.C."
United States,Illinois,Spartaaaa,"Washington,_D.C."
United States,Michigan,Spartaa,"Washington,_D.C."
United States,Missouri,Spartaaa,"Washington,_D.C."
United States,North Carolina,Spartttaa,"Washington,_D.C."
United States,Tennessee,Spartaaa,"Washington,_D.C."
United States,Wisconsin,Spaartaaa,"Washington,_D.C."
United States,Colorado,Springfielddd,"Washington,_D.C."
United States,Florida,Springfield,"Washington,_D.C."
United States,Georgia,Springfielddd,"Washington,_D.C."
United States,Illinois,Springfieeld,"Washington,_D.C."
United States,Kentucky,Sprringfield,"Washington,_D.C."
United States,Massachusetts,Spriingfiield,"Washington,_D.C."
United States,Michigan,Springfielddd,"Washington,_D.C."
United States,Minnesota,Spriingfield,"Washington,_D.C."
United States,Missouri,Spriingfielldd,"Washington,_D.C."
United States,Nebraska,Springfieldd,"Washington,_D.C."
United States,New Hampshire,Springfield,"Washington,_D.C."
United States,New Jersey,Springfiieldd,"Washington,_D.C."
United States,New York,Sprringfieldd,"Washington,_D.C."
United States,Ohio,Springfiieldd,"Washington,_D.C."
United States,Oregon,Springffieldd,"Washington,_D.C."
United States,Pennsylvania,Springfiieldd,"Washington,_D.C."
United States,South Dakota,Springfielddd,"Washington,_D.C."
United States,Tennessee,Springfielddd,"Washington,_D.C."
United States,Vermont,Springfiieldd,"Washington,_D.C."
United States,Virginia,Springfield,"Washington,_D.C."
United States,Kansas,Victoriaa,"Washington,_D.C."
United States,Minnesota,Vicctorria,"Washington,_D.C."
United States,Texas,Victoriaaa,"Washington,_D.C."
United States,Virginia,Victorriaa,"Washington,_D.C."
