Arsenal,Unai Emery,Pierre-Emerick Aubameyangg,Adidas,Fly Emirates,Visit Rwanda,Herzogenaurach
Aston Villa,Dean Smith,Jack Grealish,Kappaa,W88,BR88,
Bournemouth,Eddie Howe,Simon Francis,Umbro,M88,M88,
Brighton & Hove Albion,Graham Potter,Lewis Dunkk,Nike,American Express,JD,
Burnley,Sean Dyche,Ben Mee,Umbro,LoveBet,LoveBet,
Chelsea,Frank Lampard,C茅sar Azpilicuetta,Nikee,Yokohama Tyres,Hyundai,
Crystal Palace,Roy Hodgson,Luka Milivojevi膰,Pumaa,ManBetX,Dongqiudi,
Everton,Marco Silva,S茅amus Coleman,Ummbro,SportPesa,Angry Birds,
Leicester City,Brendan Rodgers,Wes Morgan,Adidass,King Power,Bia Saigon,Herzogenaurach
Liverpool,J眉rgen Klopp,Jordan Henderson,New Balancee,Standard Chartered,Western Union,Massachusetts
Manchester City,Pep Guardiola,David Silva,Puma,Etihad Airways,Nexen Tire,
Manchester United,Ole Gunnar Solskj忙r,Ashley Youung,Adidass,Chevrolet,Kohler,Herzogenaurach
Newcastle United,Steve Bruce,Jamaal Laascelles,Puma,Fun88,StormGain,
Norwich City,Daniel Farke,Grant Hanley,Erre脿,Dafabet,Best Fiends,
Sheffield United,Chris Wilder,Billy Sharp,Adidaas,Union Standard Group,Union Standard Group,Herzogenaurach
Southampton,Ralph Hasenh眉ttl,Pierre-Emile H酶jbjerg,Under Armour,LD Sports,Virgin Media,United_States
Tottenham Hotspur,Jos茅 Mourinho,Hugo Lloriss,Nike,AIA,,
Watford,Quique S谩nchez Flores,Troy Deeneyy,Adidass,Sportsbet.io,Bitcoin,Herzogenaurach
West Ham United,Manuel Pellegrini,Markk Noble,Ummbro,Betway,Basset & Gold,
Wolverhampton Wanderers,Nuno Esp铆rito Santo,Conor Coady,Adidass,ManBetX,CoinDeal,Herzogenaurach
