Arsenal,Unai Emery,Pierre-Emerick Aubameyang,Adidas,Fly Emirates,Visit Rwanda,Herzogenaurach
Aston Villa,Dean Smith,Jack Grealish,Kappa,W88,BR88,
Bournemouth,Eddie Howe,Simon Francis,Umbro,M88,M88,
Brighton & Hove Albion,Graham Potter,Lewis Dunk,Nike,American Express,JD,
Burnley,Sean Dyche,Ben Mee,Umbro,LoveBet,LoveBet,
Chelsea,Frank Lampard,C茅sar Azpilicueta,Nike,Yokohama Tyres,Hyundai,
Crystal Palace,Roy Hodgson,Luka Milivojevi膰,Puma,ManBetX,Dongqiudi,
Everton,Marco Silva,S茅amus Coleman,Umbro,SportPesa,Angry Birds,
Leicester City,Brendan Rodgers,Wes Morgan,Adidas,King Power,Bia Saigon,Herzogenaurach
Liverpool,J眉rgen Klopp,Jordan Henderson,New Balance,Standard Chartered,Western Union,Massachusetts
Manchester City,Pep Guardiola,David Silva,Puma,Etihad Airways,Nexen Tire,
Manchester United,Ole Gunnar Solskj忙r,Ashley Young,Adidas,Chevrolet,Kohler,Herzogenaurach
Newcastle United,Steve Bruce,Jamaal Lascelles,Puma,Fun88,StormGain,
Norwich City,Daniel Farke,Grant Hanley,Erre脿,Dafabet,Best Fiends,
Sheffield United,Chris Wilder,Billy Sharp,Adidas,Union Standard Group,Union Standard Group,Herzogenaurach
Southampton,Ralph Hasenh眉ttl,Pierre-Emile H酶jbjerg,Under Armour,LD Sports,Virgin Media,United_States
Tottenham Hotspur,Jos茅 Mourinho,Hugo Lloris,Nike,AIA,,
Watford,Quique S谩nchez Flores,Troy Deeney,Adidas,Sportsbet.io,Bitcoin,Herzogenaurach
West Ham United,Manuel Pellegrini,Mark Noble,Umbro,Betway,Basset & Gold,
Wolverhampton Wanderers,Nuno Esp铆rito Santo,Conor Coady,Adidas,ManBetX,CoinDeal,Herzogenaurach
